"0","# Package names"
"0","packages <- c(""RedditExtractoR"", ""anytime"", ""ggplot2"", ""dplyr"", ""tidytext"", ""tidyverse"", ""igraph"", ""ggraph"", ""tidyr"", ""wordcloud2"", ""textdata"", ""sf"", ""tmap"")"
"0",""
"0","# Install packages not yet installed"
"0","installed_packages <- packages %in% rownames(installed.packages())"
"0","if (any(installed_packages == FALSE)) {"
"0","install.packages(packages[!installed_packages])"
"0","}"
"0",""
"0","# Load packages"
"0","invisible(lapply(packages, library, character.only = TRUE))"
