"0","resp_raw <- content(resp, as = ""raw"")"
"0","resp_raw"
"1","   [1]"
"1"," 7b"
"1"," 22"
"1"," 62"
"1"," 75"
"1"," 73"
"1"," 69"
"1"," 6e"
"1"," 65"
"1"," 73"
"1"," 73"
"1"," 65"
"1"," 73"
"1"," 22"
"1"," 3a"
"1"," 20"
"1"," 5b"
"1"," 7b"
"1"," 22"
"1"," 69"
"1"," 64"
"1"," 22"
"1"," 3a"
"1"," 20"
"1"," 22"
"1"," 4a"
"1"," 4c"
"1"," 5a"
"1"," 38"
"1"," 52"
"1"," 7a"
"1"," 78"
"1"," 4f"
"1","
"
"1","  [33]"
"1"," 6d"
"1"," 2d"
"1"," 30"
"1"," 79"
"1"," 36"
"1"," 54"
"1"," 65"
"1"," 56"
"1"," 77"
"1"," 59"
"1"," 73"
"1"," 7a"
"1"," 6b"
"1"," 67"
"1"," 22"
"1"," 2c"
"1"," 20"
"1"," 22"
"1"," 61"
"1"," 6c"
"1"," 69"
"1"," 61"
"1"," 73"
"1"," 22"
"1"," 3a"
"1"," 20"
"1"," 22"
"1"," 61"
"1"," 7a"
"1"," 6f"
"1"," 74"
"1"," 65"
"1","
"
"1","  [65]"
"1"," 61"
"1"," 2d"
"1"," 63"
"1"," 61"
"1"," 6e"
"1"," 74"
"1"," 69"
"1"," 6e"
"1"," 61"
"1"," 2d"
"1"," 61"
"1"," 74"
"1"," 6c"
"1"," 61"
"1"," 6e"
"1"," 74"
"1"," 61"
"1"," 22"
"1"," 2c"
"1"," 20"
"1"," 22"
"1"," 6e"
"1"," 61"
"1"," 6d"
"1"," 65"
"1"," 22"
"1"," 3a"
"1"," 20"
"1"," 22"
"1"," 41"
"1"," 7a"
"1"," 6f"
"1","
"
"1","  [97]"
"1"," 74"
"1"," 65"
"1"," 61"
"1"," 20"
"1"," 43"
"1"," 61"
"1"," 6e"
"1"," 74"
"1"," 69"
"1"," 6e"
"1"," 61"
"1"," 22"
"1"," 2c"
"1"," 20"
"1"," 22"
"1"," 69"
"1"," 6d"
"1"," 61"
"1"," 67"
"1"," 65"
"1"," 5f"
"1"," 75"
"1"," 72"
"1"," 6c"
"1"," 22"
"1"," 3a"
"1"," 20"
"1"," 22"
"1"," 68"
"1"," 74"
"1"," 74"
"1"," 70"
"1","
"
"1"," [129]"
"1"," 73"
"1"," 3a"
"1"," 2f"
"1"," 2f"
"1"," 73"
"1"," 33"
"1"," 2d"
"1"," 6d"
"1"," 65"
"1"," 64"
"1"," 69"
"1"," 61"
"1"," 33"
"1"," 2e"
"1"," 66"
"1"," 6c"
"1"," 2e"
"1"," 79"
"1"," 65"
"1"," 6c"
"1"," 70"
"1"," 63"
"1"," 64"
"1"," 6e"
"1"," 2e"
"1"," 63"
"1"," 6f"
"1"," 6d"
"1"," 2f"
"1"," 62"
"1"," 70"
"1"," 68"
"1","
"
"1"," [161]"
"1"," 6f"
"1"," 74"
"1"," 6f"
"1"," 2f"
"1"," 48"
"1"," 30"
"1"," 38"
"1"," 52"
"1"," 44"
"1"," 2d"
"1"," 57"
"1"," 49"
"1"," 59"
"1"," 61"
"1"," 5a"
"1"," 72"
"1"," 4c"
"1"," 2d"
"1"," 59"
"1"," 59"
"1"," 5f"
"1"," 59"
"1"," 61"
"1"," 49"
"1"," 49"
"1"," 41"
"1"," 2f"
"1"," 6f"
"1"," 2e"
"1"," 6a"
"1"," 70"
"1"," 67"
"1","
"
"1"," [193]"
"1"," 22"
"1"," 2c"
"1"," 20"
"1"," 22"
"1"," 69"
"1"," 73"
"1"," 5f"
"1"," 63"
"1"," 6c"
"1"," 6f"
"1"," 73"
"1"," 65"
"1"," 64"
"1"," 22"
"1"," 3a"
"1"," 20"
"1"," 66"
"1"," 61"
"1"," 6c"
"1"," 73"
"1"," 65"
"1"," 2c"
"1"," 20"
"1"," 22"
"1"," 75"
"1"," 72"
"1"," 6c"
"1"," 22"
"1"," 3a"
"1"," 20"
"1"," 22"
"1"," 68"
"1","
"
"1"," [225]"
"1"," 74"
"1"," 74"
"1"," 70"
"1"," 73"
"1"," 3a"
"1"," 2f"
"1"," 2f"
"1"," 77"
"1"," 77"
"1"," 77"
"1"," 2e"
"1"," 79"
"1"," 65"
"1"," 6c"
"1"," 70"
"1"," 2e"
"1"," 63"
"1"," 6f"
"1"," 6d"
"1"," 2f"
"1"," 62"
"1"," 69"
"1"," 7a"
"1"," 2f"
"1"," 61"
"1"," 7a"
"1"," 6f"
"1"," 74"
"1"," 65"
"1"," 61"
"1"," 2d"
"1"," 63"
"1","
"
"1"," [257]"
"1"," 61"
"1"," 6e"
"1"," 74"
"1"," 69"
"1"," 6e"
"1"," 61"
"1"," 2d"
"1"," 61"
"1"," 74"
"1"," 6c"
"1"," 61"
"1"," 6e"
"1"," 74"
"1"," 61"
"1"," 3f"
"1"," 61"
"1"," 64"
"1"," 6a"
"1"," 75"
"1"," 73"
"1"," 74"
"1"," 5f"
"1"," 63"
"1"," 72"
"1"," 65"
"1"," 61"
"1"," 74"
"1"," 69"
"1"," 76"
"1"," 65"
"1"," 3d"
"1"," 6b"
"1","
"
"1"," [289]"
"1"," 66"
"1"," 76"
"1"," 2d"
"1"," 41"
"1"," 71"
"1"," 62"
"1"," 71"
"1"," 73"
"1"," 42"
"1"," 78"
"1"," 77"
"1"," 6b"
"1"," 5f"
"1"," 6e"
"1"," 70"
"1"," 51"
"1"," 78"
"1"," 6b"
"1"," 6e"
"1"," 57"
"1"," 51"
"1"," 26"
"1"," 75"
"1"," 74"
"1"," 6d"
"1"," 5f"
"1"," 63"
"1"," 61"
"1"," 6d"
"1"," 70"
"1"," 61"
"1"," 69"
"1","
"
"1"," [321]"
"1"," 67"
"1"," 6e"
"1"," 3d"
"1"," 79"
"1"," 65"
"1"," 6c"
"1"," 70"
"1"," 5f"
"1"," 61"
"1"," 70"
"1"," 69"
"1"," 5f"
"1"," 76"
"1"," 33"
"1"," 26"
"1"," 75"
"1"," 74"
"1"," 6d"
"1"," 5f"
"1"," 6d"
"1"," 65"
"1"," 64"
"1"," 69"
"1"," 75"
"1"," 6d"
"1"," 3d"
"1"," 61"
"1"," 70"
"1"," 69"
"1"," 5f"
"1"," 76"
"1"," 33"
"1","
"
"1"," [353]"
"1"," 5f"
"1"," 62"
"1"," 75"
"1"," 73"
"1"," 69"
"1"," 6e"
"1"," 65"
"1"," 73"
"1"," 73"
"1"," 5f"
"1"," 73"
"1"," 65"
"1"," 61"
"1"," 72"
"1"," 63"
"1"," 68"
"1"," 26"
"1"," 75"
"1"," 74"
"1"," 6d"
"1"," 5f"
"1"," 73"
"1"," 6f"
"1"," 75"
"1"," 72"
"1"," 63"
"1"," 65"
"1"," 3d"
"1"," 6b"
"1"," 66"
"1"," 76"
"1"," 2d"
"1","
"
"1"," [385]"
"1"," 41"
"1"," 71"
"1"," 62"
"1"," 71"
"1"," 73"
"1"," 42"
"1"," 78"
"1"," 77"
"1"," 6b"
"1"," 5f"
"1"," 6e"
"1"," 70"
"1"," 51"
"1"," 78"
"1"," 6b"
"1"," 6e"
"1"," 57"
"1"," 51"
"1"," 22"
"1"," 2c"
"1"," 20"
"1"," 22"
"1"," 72"
"1"," 65"
"1"," 76"
"1"," 69"
"1"," 65"
"1"," 77"
"1"," 5f"
"1"," 63"
"1"," 6f"
"1"," 75"
"1","
"
"1"," [417]"
"1"," 6e"
"1"," 74"
"1"," 22"
"1"," 3a"
"1"," 20"
"1"," 32"
"1"," 34"
"1"," 35"
"1"," 2c"
"1"," 20"
"1"," 22"
"1"," 63"
"1"," 61"
"1"," 74"
"1"," 65"
"1"," 67"
"1"," 6f"
"1"," 72"
"1"," 69"
"1"," 65"
"1"," 73"
"1"," 22"
"1"," 3a"
"1"," 20"
"1"," 5b"
"1"," 7b"
"1"," 22"
"1"," 61"
"1"," 6c"
"1"," 69"
"1"," 61"
"1"," 73"
"1","
"
"1"," [449]"
"1"," 22"
"1"," 3a"
"1"," 20"
"1"," 22"
"1"," 6d"
"1"," 65"
"1"," 78"
"1"," 69"
"1"," 63"
"1"," 61"
"1"," 6e"
"1"," 22"
"1"," 2c"
"1"," 20"
"1"," 22"
"1"," 74"
"1"," 69"
"1"," 74"
"1"," 6c"
"1"," 65"
"1"," 22"
"1"," 3a"
"1"," 20"
"1"," 22"
"1"," 4d"
"1"," 65"
"1"," 78"
"1"," 69"
"1"," 63"
"1"," 61"
"1"," 6e"
"1"," 22"
"1","
"
"1"," [481]"
"1"," 7d"
"1"," 5d"
"1"," 2c"
"1"," 20"
"1"," 22"
"1"," 72"
"1"," 61"
"1"," 74"
"1"," 69"
"1"," 6e"
"1"," 67"
"1"," 22"
"1"," 3a"
"1"," 20"
"1"," 34"
"1"," 2e"
"1"," 30"
"1"," 2c"
"1"," 20"
"1"," 22"
"1"," 63"
"1"," 6f"
"1"," 6f"
"1"," 72"
"1"," 64"
"1"," 69"
"1"," 6e"
"1"," 61"
"1"," 74"
"1"," 65"
"1"," 73"
"1"," 22"
"1","
"
"1"," [513]"
"1"," 3a"
"1"," 20"
"1"," 7b"
"1"," 22"
"1"," 6c"
"1"," 61"
"1"," 74"
"1"," 69"
"1"," 74"
"1"," 75"
"1"," 64"
"1"," 65"
"1"," 22"
"1"," 3a"
"1"," 20"
"1"," 33"
"1"," 33"
"1"," 2e"
"1"," 37"
"1"," 39"
"1"," 32"
"1"," 36"
"1"," 30"
"1"," 38"
"1"," 35"
"1"," 32"
"1"," 36"
"1"," 30"
"1"," 31"
"1"," 33"
"1"," 36"
"1"," 34"
"1","
"
"1"," [545]"
"1"," 2c"
"1"," 20"
"1"," 22"
"1"," 6c"
"1"," 6f"
"1"," 6e"
"1"," 67"
"1"," 69"
"1"," 74"
"1"," 75"
"1"," 64"
"1"," 65"
"1"," 22"
"1"," 3a"
"1"," 20"
"1"," 2d"
"1"," 38"
"1"," 34"
"1"," 2e"
"1"," 33"
"1"," 39"
"1"," 36"
"1"," 32"
"1"," 31"
"1"," 34"
"1"," 32"
"1"," 7d"
"1"," 2c"
"1"," 20"
"1"," 22"
"1"," 74"
"1"," 72"
"1","
"
"1"," [577]"
"1"," 61"
"1"," 6e"
"1"," 73"
"1"," 61"
"1"," 63"
"1"," 74"
"1"," 69"
"1"," 6f"
"1"," 6e"
"1"," 73"
"1"," 22"
"1"," 3a"
"1"," 20"
"1"," 5b"
"1"," 5d"
"1"," 2c"
"1"," 20"
"1"," 22"
"1"," 70"
"1"," 72"
"1"," 69"
"1"," 63"
"1"," 65"
"1"," 22"
"1"," 3a"
"1"," 20"
"1"," 22"
"1"," 24"
"1"," 24"
"1"," 22"
"1"," 2c"
"1"," 20"
"1","
"
"1"," [609]"
"1"," 22"
"1"," 6c"
"1"," 6f"
"1"," 63"
"1"," 61"
"1"," 74"
"1"," 69"
"1"," 6f"
"1"," 6e"
"1"," 22"
"1"," 3a"
"1"," 20"
"1"," 7b"
"1"," 22"
"1"," 61"
"1"," 64"
"1"," 64"
"1"," 72"
"1"," 65"
"1"," 73"
"1"," 73"
"1"," 31"
"1"," 22"
"1"," 3a"
"1"," 20"
"1"," 22"
"1"," 32"
"1"," 34"
"1"," 35"
"1"," 20"
"1"," 31"
"1"," 38"
"1","
"
"1"," [641]"
"1"," 74"
"1"," 68"
"1"," 20"
"1"," 53"
"1"," 74"
"1"," 20"
"1"," 4e"
"1"," 57"
"1"," 22"
"1"," 2c"
"1"," 20"
"1"," 22"
"1"," 61"
"1"," 64"
"1"," 64"
"1"," 72"
"1"," 65"
"1"," 73"
"1"," 73"
"1"," 32"
"1"," 22"
"1"," 3a"
"1"," 20"
"1"," 22"
"1"," 22"
"1"," 2c"
"1"," 20"
"1"," 22"
"1"," 61"
"1"," 64"
"1"," 64"
"1"," 72"
"1","
"
"1"," [673]"
"1"," 65"
"1"," 73"
"1"," 73"
"1"," 33"
"1"," 22"
"1"," 3a"
"1"," 20"
"1"," 6e"
"1"," 75"
"1"," 6c"
"1"," 6c"
"1"," 2c"
"1"," 20"
"1"," 22"
"1"," 63"
"1"," 69"
"1"," 74"
"1"," 79"
"1"," 22"
"1"," 3a"
"1"," 20"
"1"," 22"
"1"," 41"
"1"," 74"
"1"," 6c"
"1"," 61"
"1"," 6e"
"1"," 74"
"1"," 61"
"1"," 22"
"1"," 2c"
"1"," 20"
"1","
"
"1"," [705]"
"1"," 22"
"1"," 7a"
"1"," 69"
"1"," 70"
"1"," 5f"
"1"," 63"
"1"," 6f"
"1"," 64"
"1"," 65"
"1"," 22"
"1"," 3a"
"1"," 20"
"1"," 22"
"1"," 33"
"1"," 30"
"1"," 33"
"1"," 36"
"1"," 33"
"1"," 22"
"1"," 2c"
"1"," 20"
"1"," 22"
"1"," 63"
"1"," 6f"
"1"," 75"
"1"," 6e"
"1"," 74"
"1"," 72"
"1"," 79"
"1"," 22"
"1"," 3a"
"1"," 20"
"1","
"
"1"," [737]"
"1"," 22"
"1"," 55"
"1"," 53"
"1"," 22"
"1"," 2c"
"1"," 20"
"1"," 22"
"1"," 73"
"1"," 74"
"1"," 61"
"1"," 74"
"1"," 65"
"1"," 22"
"1"," 3a"
"1"," 20"
"1"," 22"
"1"," 47"
"1"," 41"
"1"," 22"
"1"," 2c"
"1"," 20"
"1"," 22"
"1"," 64"
"1"," 69"
"1"," 73"
"1"," 70"
"1"," 6c"
"1"," 61"
"1"," 79"
"1"," 5f"
"1"," 61"
"1"," 64"
"1","
"
"1"," [769]"
"1"," 64"
"1"," 72"
"1"," 65"
"1"," 73"
"1"," 73"
"1"," 22"
"1"," 3a"
"1"," 20"
"1"," 5b"
"1"," 22"
"1"," 32"
"1"," 34"
"1"," 35"
"1"," 20"
"1"," 31"
"1"," 38"
"1"," 74"
"1"," 68"
"1"," 20"
"1"," 53"
"1"," 74"
"1"," 20"
"1"," 4e"
"1"," 57"
"1"," 22"
"1"," 2c"
"1"," 20"
"1"," 22"
"1"," 41"
"1"," 74"
"1"," 6c"
"1"," 61"
"1","
"
"1"," [801]"
"1"," 6e"
"1"," 74"
"1"," 61"
"1"," 2c"
"1"," 20"
"1"," 47"
"1"," 41"
"1"," 20"
"1"," 33"
"1"," 30"
"1"," 33"
"1"," 36"
"1"," 33"
"1"," 22"
"1"," 5d"
"1"," 7d"
"1"," 2c"
"1"," 20"
"1"," 22"
"1"," 70"
"1"," 68"
"1"," 6f"
"1"," 6e"
"1"," 65"
"1"," 22"
"1"," 3a"
"1"," 20"
"1"," 22"
"1"," 2b"
"1"," 31"
"1"," 34"
"1"," 30"
"1","
"
"1"," [833]"
"1"," 34"
"1"," 39"
"1"," 30"
"1"," 32"
"1"," 36"
"1"," 30"
"1"," 34"
"1"," 30"
"1"," 22"
"1"," 2c"
"1"," 20"
"1"," 22"
"1"," 64"
"1"," 69"
"1"," 73"
"1"," 70"
"1"," 6c"
"1"," 61"
"1"," 79"
"1"," 5f"
"1"," 70"
"1"," 68"
"1"," 6f"
"1"," 6e"
"1"," 65"
"1"," 22"
"1"," 3a"
"1"," 20"
"1"," 22"
"1"," 28"
"1"," 34"
"1"," 30"
"1","
"
"1"," [865]"
"1"," 34"
"1"," 29"
"1"," 20"
"1"," 39"
"1"," 30"
"1"," 32"
"1"," 2d"
"1"," 36"
"1"," 30"
"1"," 34"
"1"," 30"
"1"," 22"
"1"," 2c"
"1"," 20"
"1"," 22"
"1"," 64"
"1"," 69"
"1"," 73"
"1"," 74"
"1"," 61"
"1"," 6e"
"1"," 63"
"1"," 65"
"1"," 22"
"1"," 3a"
"1"," 20"
"1"," 35"
"1"," 32"
"1"," 2e"
"1"," 35"
"1"," 31"
"1"," 39"
"1","
"
"1"," [897]"
"1"," 34"
"1"," 36"
"1"," 38"
"1"," 38"
"1"," 33"
"1"," 33"
"1"," 34"
"1"," 32"
"1"," 37"
"1"," 33"
"1"," 37"
"1"," 7d"
"1"," 2c"
"1"," 20"
"1"," 7b"
"1"," 22"
"1"," 69"
"1"," 64"
"1"," 22"
"1"," 3a"
"1"," 20"
"1"," 22"
"1"," 36"
"1"," 56"
"1"," 54"
"1"," 6a"
"1"," 39"
"1"," 57"
"1"," 61"
"1"," 68"
"1"," 4c"
"1"," 4e"
"1","
"
"1"," [929]"
"1"," 77"
"1"," 38"
"1"," 69"
"1"," 36"
"1"," 62"
"1"," 4b"
"1"," 41"
"1"," 41"
"1"," 37"
"1"," 6b"
"1"," 76"
"1"," 77"
"1"," 22"
"1"," 2c"
"1"," 20"
"1"," 22"
"1"," 61"
"1"," 6c"
"1"," 69"
"1"," 61"
"1"," 73"
"1"," 22"
"1"," 3a"
"1"," 20"
"1"," 22"
"1"," 79"
"1"," 61"
"1"," 72"
"1"," 64"
"1"," 2d"
"1"," 68"
"1"," 6f"
"1","
"
"1"," [961]"
"1"," 75"
"1"," 73"
"1"," 65"
"1"," 2d"
"1"," 61"
"1"," 74"
"1"," 6c"
"1"," 61"
"1"," 6e"
"1"," 74"
"1"," 61"
"1"," 2d"
"1"," 34"
"1"," 22"
"1"," 2c"
"1"," 20"
"1"," 22"
"1"," 6e"
"1"," 61"
"1"," 6d"
"1"," 65"
"1"," 22"
"1"," 3a"
"1"," 20"
"1"," 22"
"1"," 59"
"1"," 61"
"1"," 72"
"1"," 64"
"1"," 20"
"1"," 48"
"1"," 6f"
"1","
"
"1"," [993]"
"1"," 75"
"1"," 73"
"1"," 65"
"1"," 22"
"1"," 2c"
"1"," 20"
"1"," 22"
"1"," 69"
"1","
"
"1"," [ reached getOption(""max.print"") -- omitted 48784 entries ]
"
